Model,Type,Val_Accuracy,Val_F1_Score,Val_AUC_ROC,Val_Precision,Val_Recall,Training_Time_s,Inference_Time_ms,Memory_Usage_MB,Test_Accuracy,Test_F1_Score,Test_AUC_ROC,Test_Precision,Test_Recall
Random Forest,Traditional ML,0.9703125,0.8926553672316384,0.9414541207107843,0.9753086419753086,0.8229166666666666,3.150344133377075,0.11714063584804535,6.44921875,0.961875,0.8635346756152126,0.916499693627451,0.9323671497584541,0.8041666666666667
Gradient Boosting,Traditional ML,0.9671875,0.8852459016393442,0.9276003370098039,0.9310344827586207,0.84375,37.32045269012451,0.006664544343948364,0.0,0.956875,0.847682119205298,0.9260661764705882,0.9014084507042254,0.8
Lightweight CNN,Deep Learning,0.9171875,0.7336683417085427,0.9074371936274509,0.7087378640776699,0.7604166666666666,2.023300886154175,0.004248321056365967,1.1640625,0.929375,0.7621052631578947,0.9050704656862746,0.7702127659574468,0.7541666666666667
